{
    "skinWeights":[],
    "uvs":[[0.835305,0.191721,0.886929,0.102943,0.924854,0.209062,0.387448,0.171315,0.554711,0.164197,0.861355,0.279447,0.789155,0.26687,0.734289,0.178368,0.452302,0.375617,0.196511,0.307505,0.253424,0.205809,0.284028,0.449895,0.0749299,0.41886,0.128521,0.348994,0.135567,0.597672,0.756384,0.398024,0.818821,0.39721,0.766035,0.619028,0.630877,0.26289,0.705424,0.31403,0.613582,0.482479,0.363747,0.390894,0.211294,0.527442,0.0500135,0.634304,0.686316,0.560027,0.537855,0.41225,0.354096,0.611898,0.416533,0.612712,0.386867,0.743051,0.228589,0.747031,0.303136,0.695891,0.332001,0.831554,0.789736,0.838606,0.956999,0.845724,0.484641,0.906978,0.598799,0.702417,0.655712,0.804112,0.522566,0.800859,0.477218,0.591061,0.530809,0.660928,0.459067,0.730474,0.433017,0.8182,0.152423,0.845724,0.85459,0.634304,0.879506,0.41886,0.0567794,0.279447,0.120278,0.209062,0.0823528,0.102943]],
    "materials":[{
        "DbgName":"Material.001",
        "DbgIndex":0,
        "specularCoef":50,
        "doubleSided":false,
        "depthWrite":true,
        "blending":"NormalBlending",
        "colorEmissive":[0,0,0],
        "shading":"phong",
        "opacity":1,
        "transparent":true,
        "depthTest":true,
        "DbgColor":15658734,
        "colorSpecular":[0.5,0.5,0.5],
        "colorDiffuse":[0.0594879,0.64,0.0353824],
        "visible":true,
        "wireframe":false
    }],
    "skinIndices":[],
    "influencesPerVertex":2,
    "vertices":[0,-1.79949,7.86581e-08,0.723607,-0.804766,0.525725,-0.276388,-0.804767,0.850649,-0.894426,-0.804759,3.51771e-08,-0.276388,-0.804767,-0.850649,0.723607,-0.804766,-0.525725,0.276388,0.804767,0.850649,-0.723607,0.804766,0.525725,-0.723607,0.804766,-0.525725,0.276388,0.804767,-0.850649,0.894426,0.804759,-3.51771e-08,0,1.79949,-7.86581e-08,-0.162456,-1.53074,0.499995,0.425323,-1.53074,0.309011,0.262869,-0.946059,0.809012,0.850648,-0.946056,4.13534e-08,0.425323,-1.53074,-0.309011,-0.52573,-1.53074,6.69107e-08,-0.688189,-0.946056,0.499997,-0.162456,-1.53074,-0.499995,-0.688189,-0.946056,-0.499997,0.262869,-0.946059,-0.809012,0.951058,1.35074e-08,0.309013,0.951058,-1.35074e-08,-0.309013,0,4.37114e-08,1,0.587786,3.53632e-08,0.809017,-0.951058,1.35074e-08,0.309013,-0.587786,3.53632e-08,0.809017,-0.587786,-3.53632e-08,-0.809017,-0.951058,-1.35074e-08,-0.309013,0.587786,-3.53632e-08,-0.809017,0,-4.37114e-08,-1,0.688189,0.946056,0.499997,-0.262869,0.946059,0.809012,-0.850648,0.946056,-4.13534e-08,-0.262869,0.946059,-0.809012,0.688189,0.946056,-0.499997,0.162456,1.53074,0.499995,0.52573,1.53074,-6.69107e-08,-0.425323,1.53074,0.309011,-0.425323,1.53074,-0.309011,0.162456,1.53074,-0.499995,-0.162456,-1.53074,0.499995,-0.162456,-1.53074,0.499995,-0.162456,-1.53074,0.499995,-0.162456,-1.53074,0.499995,-0.162456,-1.53074,0.499995,0,-1.79949,7.86581e-08,0,-1.79949,7.86581e-08,0,-1.79949,7.86581e-08,0,-1.79949,7.86581e-08,0.425323,-1.53074,0.309011,0.425323,-1.53074,0.309011,0.425323,-1.53074,0.309011,0.425323,-1.53074,0.309011,0.425323,-1.53074,0.309011,0.723607,-0.804766,0.525725,0.723607,-0.804766,0.525725,0.723607,-0.804766,0.525725,0.723607,-0.804766,0.525725,0.262869,-0.946059,0.809012,0.262869,-0.946059,0.809012,0.262869,-0.946059,0.809012,0.262869,-0.946059,0.809012,0.262869,-0.946059,0.809012,-0.276388,-0.804767,0.850649,-0.276388,-0.804767,0.850649,-0.276388,-0.804767,0.850649,-0.276388,-0.804767,0.850649,0.850648,-0.946056,4.13534e-08,0.850648,-0.946056,4.13534e-08,0.850648,-0.946056,4.13534e-08,0.850648,-0.946056,4.13534e-08,0.850648,-0.946056,4.13534e-08,0.425323,-1.53074,-0.309011,0.425323,-1.53074,-0.309011,0.425323,-1.53074,-0.309011,0.425323,-1.53074,-0.309011,0.425323,-1.53074,-0.309011,0.723607,-0.804766,-0.525725,0.723607,-0.804766,-0.525725,0.723607,-0.804766,-0.525725,0.723607,-0.804766,-0.525725,-0.52573,-1.53074,6.69107e-08,-0.52573,-1.53074,6.69107e-08,-0.52573,-1.53074,6.69107e-08,-0.52573,-1.53074,6.69107e-08,-0.52573,-1.53074,6.69107e-08,-0.688189,-0.946056,0.499997,-0.688189,-0.946056,0.499997,-0.688189,-0.946056,0.499997,-0.688189,-0.946056,0.499997,-0.688189,-0.946056,0.499997,-0.894426,-0.804759,3.51771e-08,-0.894426,-0.804759,3.51771e-08,-0.894426,-0.804759,3.51771e-08,-0.894426,-0.804759,3.51771e-08,-0.162456,-1.53074,-0.499995,-0.162456,-1.53074,-0.499995,-0.162456,-1.53074,-0.499995,-0.162456,-1.53074,-0.499995,-0.162456,-1.53074,-0.499995,-0.688189,-0.946056,-0.499997,-0.688189,-0.946056,-0.499997,-0.688189,-0.946056,-0.499997,-0.688189,-0.946056,-0.499997,-0.688189,-0.946056,-0.499997,-0.276388,-0.804767,-0.850649,-0.276388,-0.804767,-0.850649,-0.276388,-0.804767,-0.850649,-0.276388,-0.804767,-0.850649,0.262869,-0.946059,-0.809012,0.262869,-0.946059,-0.809012,0.262869,-0.946059,-0.809012,0.262869,-0.946059,-0.809012,0.262869,-0.946059,-0.809012,0.951058,1.35074e-08,0.309013,0.951058,1.35074e-08,0.309013,0.951058,1.35074e-08,0.309013,0.951058,1.35074e-08,0.309013,0.951058,1.35074e-08,0.309013,0.951058,-1.35074e-08,-0.309013,0.951058,-1.35074e-08,-0.309013,0.951058,-1.35074e-08,-0.309013,0.951058,-1.35074e-08,-0.309013,0.951058,-1.35074e-08,-0.309013,0.894426,0.804759,-3.51771e-08,0.894426,0.804759,-3.51771e-08,0.894426,0.804759,-3.51771e-08,0.894426,0.804759,-3.51771e-08,0,4.37114e-08,1,0,4.37114e-08,1,0,4.37114e-08,1,0,4.37114e-08,1,0,4.37114e-08,1,0.587786,3.53632e-08,0.809017,0.587786,3.53632e-08,0.809017,0.587786,3.53632e-08,0.809017,0.587786,3.53632e-08,0.809017,0.587786,3.53632e-08,0.809017,0.276388,0.804767,0.850649,0.276388,0.804767,0.850649,0.276388,0.804767,0.850649,0.276388,0.804767,0.850649,-0.951058,1.35074e-08,0.309013,-0.951058,1.35074e-08,0.309013,-0.951058,1.35074e-08,0.309013,-0.951058,1.35074e-08,0.309013,-0.951058,1.35074e-08,0.309013,-0.587786,3.53632e-08,0.809017,-0.587786,3.53632e-08,0.809017,-0.587786,3.53632e-08,0.809017,-0.587786,3.53632e-08,0.809017,-0.587786,3.53632e-08,0.809017,-0.723607,0.804766,0.525725,-0.723607,0.804766,0.525725,-0.723607,0.804766,0.525725,-0.723607,0.804766,0.525725,-0.587786,-3.53632e-08,-0.809017,-0.587786,-3.53632e-08,-0.809017,-0.587786,-3.53632e-08,-0.809017,-0.587786,-3.53632e-08,-0.809017,-0.587786,-3.53632e-08,-0.809017,-0.951058,-1.35074e-08,-0.309013,-0.951058,-1.35074e-08,-0.309013,-0.951058,-1.35074e-08,-0.309013,-0.951058,-1.35074e-08,-0.309013,-0.951058,-1.35074e-08,-0.309013,-0.723607,0.804766,-0.525725,-0.723607,0.804766,-0.525725,-0.723607,0.804766,-0.525725,-0.723607,0.804766,-0.525725,0.587786,-3.53632e-08,-0.809017,0.587786,-3.53632e-08,-0.809017,0.587786,-3.53632e-08,-0.809017,0.587786,-3.53632e-08,-0.809017,0.587786,-3.53632e-08,-0.809017,0,-4.37114e-08,-1,0,-4.37114e-08,-1,0,-4.37114e-08,-1,0,-4.37114e-08,-1,0,-4.37114e-08,-1,0.276388,0.804767,-0.850649,0.276388,0.804767,-0.850649,0.276388,0.804767,-0.850649,0.276388,0.804767,-0.850649,0.688189,0.946056,0.499997,0.688189,0.946056,0.499997,0.688189,0.946056,0.499997,0.688189,0.946056,0.499997,0.688189,0.946056,0.499997,-0.262869,0.946059,0.809012,-0.262869,0.946059,0.809012,-0.262869,0.946059,0.809012,-0.262869,0.946059,0.809012,-0.262869,0.946059,0.809012,-0.850648,0.946056,-4.13534e-08,-0.850648,0.946056,-4.13534e-08,-0.850648,0.946056,-4.13534e-08,-0.850648,0.946056,-4.13534e-08,-0.850648,0.946056,-4.13534e-08,-0.262869,0.946059,-0.809012,-0.262869,0.946059,-0.809012,-0.262869,0.946059,-0.809012,-0.262869,0.946059,-0.809012,-0.262869,0.946059,-0.809012,0.688189,0.946056,-0.499997,0.688189,0.946056,-0.499997,0.688189,0.946056,-0.499997,0.688189,0.946056,-0.499997,0.688189,0.946056,-0.499997,0.162456,1.53074,0.499995,0.162456,1.53074,0.499995,0.162456,1.53074,0.499995,0.162456,1.53074,0.499995,0.162456,1.53074,0.499995,0.52573,1.53074,-6.69107e-08,0.52573,1.53074,-6.69107e-08,0.52573,1.53074,-6.69107e-08,0.52573,1.53074,-6.69107e-08,0.52573,1.53074,-6.69107e-08,0,1.79949,-7.86581e-08,0,1.79949,-7.86581e-08,0,1.79949,-7.86581e-08,0,1.79949,-7.86581e-08,-0.425323,1.53074,0.309011,-0.425323,1.53074,0.309011,-0.425323,1.53074,0.309011,-0.425323,1.53074,0.309011,-0.425323,